Structure,Architecture,"Mechanical, Electrical Plumbing","Furniture, Fitments & Equipment"
Land Survey,Curtain Walls,"Air-Conditioning, Refrigeration & Ventilation Works",Light Fittings
Demolition,False Ceiling,"Building Automation, Industrial & Process Control Systems",Toilet Fittings
Site Investigation Work,Waterproofing,Lift & Escalator,Loose Furniture
Ground Support and Stabilisation Works,Tilers,Fire Prevention & Protection Systems,Pantry/Kitchen Equipment
Piling Specialist,Brick Walls,Electrical Engineering,Audio Visual Equipment
Stability Instrumentation,Dry Partitions,High & Low Tension Overhead Line Installation,
Steel Bender,Carpenter & Cabinetry,Solar PV System Integration,
Formworker,Doors & Windows,Internal Telephone Wiring for Telecommunications,
Concretor,Carpet/Vinyl Works,Communication & Security Systems,
Pre-cast Concrete Work,Painter,Line Plant Cabling / Wiring for Telecommunications,
In-situ Post-tensioning Work,Signcraft Installation,Public Announcement Systems,
Structural SteelWork,Fencing & Ironworks,Mechanical Engineering,
Specialist Roofing Works,Glass work,Plumbing & Sanitary Works,
